order_date,shipment_date,category,list_price_per_unit,purchase_price_per_unit,quantity,item_subtotal,item_tax,item_total
01/10/06,01/20/06,Hardcover,$59.95,$59.95,1,$59.95,$5.28,$65.23
05/08/06,05/08/06,,$14.00,$14.00,1,$14.00,$0.00,$14.00
06/05/06,,DVD,$14.98,$9.74,0,$0.00,$0.00,$0.00
06/05/06,06/06/06,Hardcover,$19.95,$12.97,1,$12.97,$1.14,$14.11
06/07/06,06/08/06,DVD,$14.98,$9.74,1,$9.74,$0.82,$10.56
07/05/06,07/06/06,DVD,$29.99,$29.99,1,$29.99,$2.52,$32.51
07/16/06,07/16/06,Personal Computers,$19.99,$7.67,1,$7.67,$0.00,$7.67
07/16/06,07/24/06,Electronics,$31.00,$12.95,1,$12.95,$0.00,$12.95
07/16/06,07/17/06,Personal Computers,$119.99,$102.99,1,$102.99,$9.06,$112.05
07/16/06,07/17/06,Personal Computers,$17.99,$17.99,1,$17.99,$1.58,$19.57
01/11/07,01/11/07,Personal Computers,$229.99,$129.00,1,$129.00,$0.00,$129.00
01/11/07,01/13/07,Hardcover,$79.95,$57.56,1,$57.56,$5.06,$62.62
01/20/07,01/23/07,DVD,$29.98,$26.99,1,$26.99,$2.26,$29.25
01/20/07,01/23/07,DVD,$29.98,$26.99,1,$26.99,$2.26,$29.25
02/18/07,02/19/07,DVD,$29.99,$19.99,1,$19.99,$1.68,$21.67
05/20/07,05/21/07,Electronics,$79.99,$29.99,2,$59.98,$5.04,$65.02
05/20/07,05/24/07,Paperback,$28.99,$18.26,1,$18.26,$1.54,$19.80
07/19/07,07/21/07,Kitchen,$34.99,$29.34,1,$29.34,$0.00,$29.34
08/01/07,08/02/07,Accessory,$29.99,$23.46,1,$23.46,$2.08,$25.54
08/01/07,08/02/07,Hardcover,$94.00,$64.61,1,$64.61,$5.75,$70.36
09/03/07,09/04/07,Paperback,$34.99,$23.09,1,$23.09,$2.05,$25.14
11/22/07,11/24/07,DVD,$24.95,$19.99,1,$19.99,$1.68,$21.67
12/11/07,12/12/07,Paperback,$6.99,$6.99,1,$6.99,$0.62,$7.61
12/11/07,12/12/07,Paperback,$5.95,$5.95,1,$5.95,$0.53,$6.48
12/11/07,12/12/07,Electronics,$149.99,$119.99,1,$119.99,$10.68,$130.67
04/13/08,04/16/08,Paperback,$17.95,$12.21,1,$12.21,$1.10,$13.31
04/13/08,04/16/08,,$24.99,$18.16,1,$18.16,$1.63,$19.79
06/30/08,06/30/08,Hardcover,$39.95,$26.37,1,$26.37,$2.37,$28.74
06/30/08,06/30/08,Paperback,$14.00,$11.20,1,$11.20,$1.01,$12.21
07/12/08,07/15/08,Plastic Comb,$159.95,$159.95,1,$159.95,$14.40,$174.35
08/14/08,08/19/08,Hardcover,$155.00,$106.95,1,$106.95,$9.63,$116.58
08/23/08,08/28/08,Hardcover,$130.79,$130.79,1,$130.79,$11.77,$142.56
08/28/08,08/31/08,Paperback,$16.95,$11.53,1,$11.53,$1.04,$12.57
08/28/08,08/31/08,Paperback,$16.99,$11.55,1,$11.55,$1.04,$12.59
08/28/08,08/31/08,Paperback,$16.95,$11.53,1,$11.53,$1.04,$12.57
09/09/08,09/11/08,Hardcover,$49.95,$36.46,1,$36.46,$3.29,$39.75
09/17/08,09/20/08,Paperback,$82.00,$73.80,1,$73.80,$6.65,$80.45
09/30/08,09/30/08,Plastic Comb,$22.95,$20.65,1,$20.65,$1.85,$22.50
09/30/08,09/30/08,Paperback,$15.95,$10.52,1,$10.52,$0.94,$11.46
11/17/08,11/18/08,Hardcover,$25.95,$17.13,1,$17.13,$1.54,$18.67
11/17/08,11/18/08,Paperback,$19.95,$13.57,1,$13.57,$1.21,$14.78
12/08/08,12/09/08,Paperback,$15.95,$11.96,1,$11.96,$1.08,$13.04
12/08/08,12/09/08,DVD,$29.99,$14.99,1,$14.99,$1.34,$16.33
02/09/09,02/11/09,Audio CD,$17.98,$14.99,1,$14.99,$1.13,$16.12
08/13/09,08/17/09,Kitchen,$59.95,$50.96,1,$50.96,$0.00,$50.96
08/22/09,08/26/09,DVD,$79.99,$46.49,1,$46.49,$3.95,$50.44
08/22/09,08/24/09,Electronics,$487.00,$397.00,1,$397.00,$0.00,$397.00
09/01/09,09/05/09,Tools & Home Improvement,$12.20,$10.19,1,$10.19,$0.00,$10.19
09/01/09,09/05/09,Tools & Hardware,$7.21,$7.21,1,$7.21,$0.00,$7.21
09/01/09,09/05/09,Tools & Home Improvement,$9.67,$9.67,1,$9.67,$0.00,$9.67
10/27/09,10/30/09,Paperback,$85.95,$64.20,1,$64.20,$0.00,$64.20
11/16/09,11/17/09,Paperback,$16.95,$11.53,1,$11.53,$0.00,$11.53
11/16/09,11/17/09,Paperback,$39.95,$26.37,1,$26.37,$0.00,$26.37
12/03/09,12/04/09,Paperback,$24.95,$16.47,1,$16.47,$0.00,$16.47
12/13/09,12/14/09,Kitchen,$6.04,$10.99,1,$10.99,$0.00,$10.99
12/13/09,12/14/09,Paperback,$22.00,$14.19,1,$14.19,$0.00,$14.19
12/17/09,12/18/09,Misc.,$3.49,$3.49,1,$3.49,$0.00,$3.49
12/17/09,12/18/09,Grocery,$6.49,$6.49,1,$6.49,$0.00,$6.49
12/17/09,12/18/09,Grocery,$2.75,$2.75,3,$8.25,$0.00,$8.25
12/17/09,12/18/09,,$3.99,$3.99,2,$7.98,$0.00,$7.98
01/14/10,01/15/10,Kitchen,$90.00,$46.50,1,$46.50,$0.00,$46.50
01/14/10,01/15/10,Kitchen,$20.00,$9.95,1,$9.95,$0.00,$9.95
01/14/10,01/15/10,Kitchen,$10.95,$9.99,1,$9.99,$0.00,$9.99
01/27/10,01/27/10,Paperback,$17.95,$12.21,1,$12.21,$0.00,$12.21
01/27/10,01/27/10,Paperback,$14.95,$10.17,1,$10.17,$0.00,$10.17
01/27/10,01/27/10,Paperback,$11.95,$8.60,1,$8.60,$0.00,$8.60
02/06/10,02/10/10,Kitchen,$9.99,$9.99,1,$9.99,$0.00,$9.99
02/06/10,02/10/10,Sports Apparel,$19.00,$17.10,1,$17.10,$0.00,$17.10
02/11/10,02/14/10,Spiral-bound,$59.00,$46.61,1,$46.61,$0.00,$46.61
02/11/10,02/13/10,Tools & Home Improvement,$11.95,$6.93,1,$6.93,$0.00,$6.93
02/11/10,02/12/10,Personal Computers,$37.99,$6.38,1,$6.38,$0.00,$6.38
02/28/10,03/03/10,Kitchen,$16.99,$16.99,1,$16.99,$0.00,$16.99
02/28/10,03/03/10,Kitchen,$9.99,$9.10,1,$9.10,$0.00,$9.10
03/04/10,03/05/10,Paperback,$12.99,$9.35,1,$9.35,$0.00,$9.35
03/04/10,03/08/10,Personal Computers,$29.00,$29.00,1,$29.00,$0.00,$29.00
03/07/10,03/09/10,Kitchen,$12.99,$10.97,1,$10.97,$0.00,$10.97
03/07/10,03/09/10,Hardcover,$40.00,$28.80,1,$28.80,$0.00,$28.80
03/11/10,03/12/10,Paperback,$24.95,$16.47,1,$16.47,$0.00,$16.47
03/11/10,03/15/10,Kitchen,$9.99,$9.10,1,$9.10,$0.00,$9.10
06/06/10,06/08/10,Hardcover,$39.95,$26.37,1,$26.37,$0.00,$26.37
06/06/10,06/08/10,Health and Beauty,$37.99,$22.06,1,$22.06,$0.00,$22.06
07/11/10,07/11/10,Personal Computers,$103.99,$87.57,1,$87.57,$0.00,$87.57
08/08/10,08/09/10,Paperback,$19.95,$13.57,1,$13.57,$1.28,$14.85
08/29/10,09/01/10,Hardcover,$65.00,$40.95,1,$40.95,$0.00,$40.95
08/29/10,09/01/10,Health and Beauty,$45.99,$21.03,1,$21.03,$0.00,$21.03
10/03/10,10/03/10,Audio CD,$17.98,$13.99,1,$13.99,$1.06,$15.05
11/08/10,11/11/10,Paperback,$7.95,$7.86,1,$7.86,$0.00,$7.86
11/08/10,11/11/10,Paperback,$11.95,$8.54,1,$8.54,$0.00,$8.54
11/08/10,11/11/10,Kitchen,$9.95,$9.95,1,$9.95,$0.00,$9.95
11/21/10,11/23/10,Paperback,$16.95,$13.56,1,$13.56,$0.00,$13.56
11/21/10,11/22/10,Kitchen,$15.99,$11.99,1,$11.99,$0.00,$11.99
11/25/10,11/28/10,,$125.00,$49.95,1,$49.95,$0.00,$49.95
12/15/10,12/15/10,DVD,$29.95,$13.99,1,$13.99,$0.00,$13.99
12/16/10,12/17/10,Health and Beauty,$73.90,$45.36,1,$45.36,$4.22,$49.58
12/16/10,12/17/10,Health and Beauty,$49.99,$38.36,1,$38.36,$0.00,$38.36
01/07/11,01/12/11,Health and Beauty,$49.99,$38.36,1,$38.36,$0.00,$38.36
01/07/11,01/12/11,Health and Beauty,$20.99,$15.08,1,$15.08,$1.40,$16.48
01/09/11,01/11/11,Paperback,$13.95,$8.83,1,$8.83,$0.00,$8.83
01/09/11,01/11/11,Paperback,$15.95,$10.26,1,$10.26,$0.00,$10.26
01/09/11,01/11/11,Paperback,$11.95,$6.60,1,$6.60,$0.00,$6.60
01/25/11,01/28/11,Paperback,$49.99,$35.78,1,$35.78,$0.00,$35.78
02/05/11,02/07/11,Camera,$37.00,$34.95,1,$34.95,$0.00,$34.95
02/13/11,02/15/11,Health and Beauty,$49.99,$38.36,1,$38.36,$0.00,$38.36
03/12/11,03/15/11,Health and Beauty,$49.99,$34.44,1,$34.44,$0.00,$34.44
04/02/11,04/02/11,Electronics,$29.99,$14.99,1,$14.99,$0.00,$14.99
04/02/11,04/05/11,Electronics,$3.30,$3.30,1,$3.30,$0.00,$3.30
04/02/11,04/06/11,Camera,$30.00,$24.39,1,$24.39,$0.00,$24.39
04/02/11,04/04/11,Electronics,$29.99,$24.99,1,$24.99,$0.00,$24.99
04/02/11,04/06/11,Electronics,$599.95,$268.98,1,$268.98,$0.00,$268.98
04/16/11,04/19/11,Health and Beauty,$49.99,$34.44,1,$34.44,$0.00,$34.44
04/20/11,04/21/11,Paperback,$26.95,$17.79,1,$17.79,$0.00,$17.79
04/20/11,04/21/11,Wireless Phone Accessory,$24.99,$14.38,1,$14.38,$0.00,$14.38
05/08/11,05/11/11,Health and Beauty,$127.84,$32.60,1,$32.60,$0.00,$32.60
10/13/11,10/17/11,Paperback,$12.95,$8.45,1,$8.45,$0.00,$8.45
10/13/11,10/17/11,Paperback,$16.00,$10.88,1,$10.88,$0.00,$10.88
10/13/11,10/17/11,Office Product,$11.99,$9.58,1,$9.58,$0.00,$9.58
12/04/11,12/07/11,Paperback,$29.95,$18.23,1,$18.23,$0.00,$18.23
12/04/11,12/07/11,Kitchen,$9.42,$9.42,1,$9.42,$0.00,$9.42
12/13/11,12/14/11,Hardcover,$75.00,$37.50,1,$37.50,$0.00,$37.50
01/01/12,01/05/12,Health and Beauty,$44.41,$27.88,1,$27.88,$0.00,$27.88
01/10/12,01/12/12,Health and Beauty,$33.87,$25.16,1,$25.16,$0.00,$25.16
01/29/12,02/01/12,Health and Beauty,$44.41,$27.88,1,$27.88,$0.00,$27.88
03/04/12,03/06/12,Health and Beauty,$49.99,$31.49,1,$31.49,$0.00,$31.49
04/26/12,05/01/12,Health and Beauty,$25.83,$17.84,1,$17.84,$0.00,$17.84
04/26/12,05/01/12,Health and Beauty,$25.83,$17.84,1,$17.84,$0.00,$17.84
04/27/12,04/30/12,Electronics,$59.99,$31.99,1,$31.99,$0.00,$31.99
04/27/12,04/30/12,Tools & Home Improvement,$10.00,$6.25,1,$6.25,$0.00,$6.25
05/11/12,05/16/12,Hardcover,$39.99,$26.12,1,$26.12,$0.00,$26.12
06/03/12,06/03/12,Hardcover,$21.95,$13.96,1,$13.96,$1.06,$15.02
06/03/12,06/04/12,Health and Beauty,$25.49,$15.39,1,$15.39,$0.00,$15.39
06/16/12,06/22/12,,$29.99,$21.29,1,$21.29,$0.00,$21.29
06/16/12,06/22/12,Health and Beauty,$33.87,$29.75,1,$29.75,$0.00,$29.75
06/23/12,06/26/12,Health and Beauty,$23.05,$13.72,1,$13.72,$0.00,$13.72
06/23/12,06/26/12,Kitchen,$65.00,$34.95,1,$34.95,$0.00,$34.95
07/18/12,07/19/12,Hardcover,$27.00,$18.67,1,$18.67,$0.00,$18.67
07/18/12,07/19/12,Paperback,$15.99,$10.28,1,$10.28,$0.00,$10.28
07/18/12,07/19/12,Paperback,$16.00,$10.88,1,$10.88,$0.00,$10.88
07/22/12,07/27/12,Health and Beauty,$22.49,$19.97,2,$39.94,$0.00,$39.94
08/29/12,08/31/12,Health and Beauty,$22.49,$19.97,2,$39.94,$0.00,$39.94
09/14/12,09/15/12,Kitchen,$9.99,$8.31,1,$8.31,$0.50,$8.81
09/14/12,09/15/12,Paperback,$15.00,$9.66,1,$9.66,$0.58,$10.24
09/14/12,09/15/12,Paperback,$18.00,$12.24,1,$12.24,$0.74,$12.98
09/14/12,09/14/12,Kitchen,$10.47,$10.47,1,$10.47,$0.00,$10.47
10/13/12,10/15/12,Electronics,$9.99,$7.24,2,$14.48,$0.88,$15.36
10/13/12,10/17/12,Shoes,$75.00,$57.21,1,$57.21,$0.00,$57.21
11/25/12,11/29/12,Health and Beauty,$22.49,$19.97,2,$39.94,$0.00,$39.94
12/09/12,12/10/12,Paperback,$17.99,$12.08,1,$12.08,$0.72,$12.80
12/09/12,12/10/12,Hardcover,$30.00,$17.21,1,$17.21,$1.04,$18.25
01/18/13,01/19/13,Health and Beauty,$29.97,$21.38,1,$21.38,$2.03,$23.41
01/18/13,01/20/13,Kitchen,$30.99,$30.99,1,$30.99,$2.94,$33.93
01/18/13,01/19/13,Health and Beauty,$22.49,$19.97,1,$19.97,$0.00,$19.97
01/18/13,01/19/13,Health and Beauty,$22.49,$19.97,1,$19.97,$0.00,$19.97
01/18/13,01/19/13,Health and Beauty,$9.99,$6.58,1,$6.58,$0.63,$7.21
01/18/13,01/21/13,Kitchen,$39.99,$23.28,1,$23.28,$2.21,$25.49
01/18/13,01/21/13,Apparel,$14.29,$10.36,1,$10.36,$0.00,$10.36
01/20/13,01/21/13,Kitchen,$170.00,$99.00,1,$99.00,$9.41,$108.41
01/24/13,01/24/13,Map,$6.95,$6.95,1,$6.95,$0.66,$7.61
01/27/13,01/27/13,Hardcover,$19.99,$10.86,1,$10.86,$0.66,$11.52
01/27/13,01/27/13,Hardcover,$16.99,$10.98,1,$10.98,$0.66,$11.64
01/27/13,01/27/13,Hardcover,$15.99,$10.87,1,$10.87,$0.66,$11.53
01/27/13,01/27/13,Personal Computers,$42.00,$9.98,2,$19.96,$1.20,$21.16
02/03/13,02/04/13,Personal Computers,$79.99,$64.24,1,$64.24,$3.86,$68.10
02/21/13,02/21/13,Electronics,$29.00,$14.99,1,$14.99,$0.00,$14.99
03/10/13,03/11/13,Shoes,$75.00,$56.03,1,$56.03,$0.00,$56.03
03/23/13,03/24/13,Kitchen,$0.00,$9.69,1,$9.69,$0.59,$10.28
03/23/13,03/24/13,Kitchen,$8.80,$5.31,1,$5.31,$0.32,$5.63
03/23/13,03/24/13,Kitchen,$9.99,$7.62,1,$7.62,$0.46,$8.08
03/25/13,03/25/13,DVD,$29.98,$16.99,1,$16.99,$1.61,$18.60
05/07/13,05/07/13,Health and Beauty,$22.49,$19.97,1,$19.97,$0.00,$19.97
05/07/13,05/07/13,Health and Beauty,$22.49,$19.97,1,$19.97,$0.00,$19.97
06/01/13,06/03/13,,$29.95,$1.15,2,$2.30,$0.00,$2.30
06/01/13,06/01/13,Paperback,$16.00,$12.65,1,$12.65,$0.76,$13.41
06/04/13,06/04/13,Electronics,$49.00,$46.00,1,$46.00,$3.63,$49.63
06/28/13,06/29/13,Apparel,$58.00,$36.99,1,$36.99,$0.00,$36.99
06/28/13,06/29/13,Apparel,$58.00,$32.99,1,$32.99,$0.00,$32.99
06/28/13,06/29/13,Apparel,$56.00,$29.99,1,$29.99,$0.00,$29.99
07/01/13,07/02/13,,$0.00,$9.69,1,$9.69,$0.00,$9.69
07/01/13,07/02/13,Apparel,$19.99,$22.99,1,$22.99,$0.00,$22.99
07/01/13,07/02/13,Apparel,$20.00,$19.30,1,$19.30,$0.00,$19.30
07/02/13,07/02/13,Health and Beauty,$41.20,$31.88,1,$31.88,$0.00,$31.88
07/02/13,07/02/13,Health and Beauty,$49.99,$39.88,1,$39.88,$0.00,$39.88
07/08/13,07/08/13,Target,$49.99,$38.40,4,$153.60,$0.00,$153.60
07/14/13,07/15/13,Kitchen,$79.99,$59.00,1,$59.00,$3.54,$62.54
08/25/13,08/29/13,Apparel,$80.00,$54.95,1,$54.95,$0.00,$54.95
09/11/13,09/12/13,Electronics,$269.00,$149.00,1,$149.00,$8.94,$157.94
09/20/13,09/25/13,Health and Beauty,$22.49,$19.97,2,$39.94,$0.00,$39.94
09/20/13,09/20/13,Health and Beauty,$68.00,$68.00,1,$68.00,$0.00,$68.00
09/23/13,09/24/13,Electronics,$9.99,$6.18,2,$12.36,$0.00,$12.36
10/13/13,10/13/13,Misc.,$21.99,$16.99,1,$16.99,$0.00,$16.99
10/13/13,10/14/13,Health and Beauty,$29.99,$22.00,1,$22.00,$0.00,$22.00
11/11/13,11/13/13,Office Product,$5.00,$7.24,2,$14.48,$0.88,$15.36
11/11/13,11/13/13,Paperback,$16.00,$11.55,1,$11.55,$0.70,$12.25
11/11/13,11/13/13,Diary,$12.95,$11.66,1,$11.66,$0.70,$12.36
11/21/13,11/23/13,Kitchen,$27.00,$19.99,1,$19.99,$1.20,$21.19
11/21/13,11/23/13,Paperback,$16.99,$10.19,1,$10.19,$0.62,$10.81
11/21/13,11/23/13,Hardcover,$21.95,$20.40,1,$20.40,$1.23,$21.63
11/23/13,11/24/13,Health and Beauty,$0.00,$25.99,1,$25.99,$0.00,$25.99
11/23/13,11/24/13,Health and Beauty,$0.00,$26.99,1,$26.99,$0.00,$26.99
01/03/14,01/03/14,Health and Beauty,$0.00,$25.99,1,$25.99,$0.00,$25.99
01/03/14,01/03/14,Health and Beauty,$0.00,$26.99,1,$26.99,$0.00,$26.99
01/10/14,01/11/14,Kitchen,$12.99,$10.97,1,$10.97,$0.66,$11.63
01/10/14,01/11/14,Kitchen,$17.00,$17.00,1,$17.00,$0.00,$17.00
01/10/14,01/11/14,Tools & Home Improvement,$10.00,$7.85,1,$7.85,$0.48,$8.33
02/05/14,02/07/14,Health and Beauty,$22.49,$19.97,2,$39.94,$0.00,$39.94
03/06/14,03/07/14,Apparel,$80.00,$61.65,1,$61.65,$0.00,$61.65
03/27/14,04/01/14,Paperback,$15.99,$9.27,1,$9.27,$0.56,$9.83
03/27/14,04/01/14,Kitchen,$34.99,$28.24,1,$28.24,$1.70,$29.94
05/04/14,05/05/14,Hardcover,$29.99,$16.94,1,$16.94,$1.02,$17.96
05/04/14,05/05/14,Paperback,$14.95,$11.39,1,$11.39,$0.69,$12.08
05/04/14,05/06/14,Health and Beauty,$22.49,$19.97,1,$19.97,$0.00,$19.97
05/04/14,05/06/14,Health and Beauty,$22.49,$19.97,1,$19.97,$0.00,$19.97
05/12/14,05/15/14,Office Product,$13.99,$15.89,1,$15.89,$0.96,$16.85
05/12/14,05/15/14,Misc.,$50.81,$16.30,1,$16.30,$0.98,$17.28
05/12/14,05/15/14,Misc.,$25.17,$13.50,1,$13.50,$0.81,$14.31
05/19/14,05/21/14,Personal Computers,$179.99,$113.00,1,$113.00,$0.00,$113.00
06/08/14,06/12/14,Tools & Home Improvement,$42.94,$39.19,1,$39.19,$0.00,$39.19
06/08/14,06/12/14,Tools & Home Improvement,$14.99,$10.39,1,$10.39,$0.00,$10.39
06/08/14,06/12/14,Misc.,$16.02,$7.87,1,$7.87,$0.75,$8.62
06/08/14,06/12/14,Kitchen,$40.64,$19.88,1,$19.88,$1.89,$21.77
06/08/14,06/12/14,Personal Computers,$0.00,$5.49,1,$5.49,$0.52,$6.01
06/11/14,06/12/14,Kitchen,$112.49,$62.99,1,$62.99,$5.98,$68.97
06/13/14,06/14/14,Kitchen,$59.99,$48.97,1,$48.97,$4.65,$53.62
06/24/14,06/27/14,Kitchen,$14.99,$10.00,1,$10.00,$0.95,$10.95
06/24/14,06/27/14,Kitchen,$11.99,$15.49,1,$15.49,$1.47,$16.96
06/24/14,06/27/14,Kitchen,$14.99,$11.59,1,$11.59,$0.00,$11.59
06/24/14,06/27/14,Kitchen,$27.99,$17.00,1,$17.00,$1.62,$18.62
06/24/14,06/27/14,Apparel,$38.00,$19.55,1,$19.55,$1.86,$21.41
06/24/14,06/27/14,Tools & Home Improvement,$9.92,$6.37,1,$6.37,$0.61,$6.98
07/23/14,07/25/14,,$0.00,$7.84,1,$7.84,$0.00,$7.84
07/23/14,07/24/14,Kitchen,$38.00,$38.00,1,$38.00,$3.61,$41.61
07/23/14,07/25/14,Personal Computers,$11.99,$11.49,1,$11.49,$1.09,$12.58
07/23/14,07/25/14,Kitchen,$110.00,$49.95,1,$49.95,$4.75,$54.70
07/23/14,07/24/14,Personal Computers,$152.00,$99.99,1,$99.99,$9.50,$109.49
07/23/14,07/25/14,,$99.99,$50.41,1,$50.41,$4.79,$55.20
07/23/14,07/23/14,,$49.99,$59.99,1,$59.99,$0.00,$59.99
07/23/14,07/23/14,Personal Computers,$599.00,$594.00,1,$594.00,$0.00,$594.00
07/31/14,08/01/14,Apparel,$56.00,$29.90,1,$29.90,$2.84,$32.74
07/31/14,08/01/14,Apparel,$28.00,$14.29,1,$14.29,$1.36,$15.65
07/31/14,08/03/14,,$33.98,$13.96,2,$27.92,$0.00,$27.92
08/08/14,08/10/14,Apparel,$40.00,$16.44,1,$16.44,$1.56,$18.00
08/08/14,08/10/14,Apparel,$28.00,$13.78,2,$27.56,$2.62,$30.18
09/03/14,09/08/14,Paperback,$55.00,$50.82,1,$50.82,$4.83,$55.65
09/03/14,09/08/14,Paperback,$127.00,$94.52,1,$94.52,$8.98,$103.50
09/05/14,09/08/14,Electronics,$139.00,$139.00,1,$139.00,$13.21,$152.21
09/12/14,09/16/14,Hardcover,$69.95,$60.52,1,$60.52,$5.75,$66.27
09/17/14,09/22/14,Hardcover,$149.00,$118.97,1,$118.97,$11.30,$130.27
09/21/14,09/22/14,DVD,$30.99,$9.99,1,$9.99,$0.95,$10.94
10/03/14,10/06/14,Paperback,$39.99,$31.92,1,$31.92,$3.03,$34.95
10/03/14,10/06/14,,$0.00,$12.99,1,$12.99,$0.00,$12.99
10/09/14,10/11/14,,$19.99,$23.49,1,$23.49,$0.00,$23.49
11/13/14,11/15/14,Apparel,$56.00,$29.90,1,$29.90,$2.84,$32.74
11/13/14,11/15/14,Apparel,$56.00,$29.90,1,$29.90,$2.84,$32.74
11/27/14,11/28/14,Apparel,$40.00,$17.33,1,$17.33,$1.65,$18.98
11/27/14,11/28/14,Apparel,$28.00,$13.90,2,$27.80,$2.64,$30.44
01/19/15,01/20/15,Paperback,$11.95,$10.76,1,$10.76,$0.65,$11.41
01/23/15,01/23/15,Personal Computers,$99.00,$89.00,1,$89.00,$8.46,$97.46
01/23/15,01/25/15,Paperback,$28.95,$21.80,1,$21.80,$2.07,$23.87
02/10/15,02/11/15,,$0.00,$38.11,1,$38.11,$0.00,$38.11
02/27/15,02/27/15,Personal Computers,$1299.00,$1289.00,1,$1289.00,$0.00,$1289.00
02/28/15,03/02/15,Health and Beauty,$15.99,$15.99,1,$15.99,$1.44,$17.43
03/14/15,03/16/15,Kitchen,$66.99,$63.99,1,$63.99,$6.08,$70.07
03/15/15,03/17/15,Grocery,$19.95,$11.38,1,$11.38,$0.46,$11.84
04/04/15,04/04/15,Sports,$29.98,$23.98,1,$23.98,$2.30,$26.28
05/09/15,05/11/15,Health and Beauty,$49.99,$59.99,2,$119.98,$0.00,$119.98
05/14/15,05/14/15,Apparel,$89.00,$59.99,1,$59.99,$0.00,$59.99
05/29/15,05/31/15,,$79.99,$35.99,1,$35.99,$0.00,$35.99
06/02/15,06/03/15,Health and Beauty,$12.84,$11.49,1,$11.49,$0.00,$11.49
06/02/15,06/03/15,,$19.99,$23.99,1,$23.99,$0.00,$23.99
06/06/15,06/08/15,Health and Beauty,$21.29,$21.29,2,$42.58,$0.00,$42.58
07/01/15,07/02/15,Personal Computers,$99.99,$89.36,1,$89.36,$8.58,$97.94
08/01/15,08/04/15,Health and Beauty,$31.50,$18.64,1,$18.64,$0.00,$18.64
08/01/15,08/04/15,Health and Beauty,$15.99,$15.67,1,$15.67,$1.50,$17.17
08/01/15,08/04/15,Health and Beauty,$16.95,$14.44,1,$14.44,$0.00,$14.44
08/03/15,08/07/15,Apparel,$38.00,$20.90,1,$20.90,$2.01,$22.91
08/03/15,08/07/15,Personal Computers,$52.99,$29.99,1,$29.99,$2.88,$32.87
08/27/15,09/10/15,Hardcover,$17.99,$13.77,1,$13.77,$0.00,$13.77
10/10/15,10/12/15,,$16.29,$17.86,2,$35.72,$0.00,$35.72
10/21/15,10/27/15,Paperback,$65.00,$65.00,1,$65.00,$6.24,$71.24
10/31/15,11/05/15,Health and Beauty,$21.29,$19.18,2,$38.36,$0.00,$38.36
11/03/15,11/11/15,Electronics,$130.00,$79.99,1,$79.99,$7.68,$87.67
11/05/15,11/09/15,Paperback,$24.95,$24.95,1,$24.95,$2.40,$27.35
11/05/15,11/09/15,Paperback,$27.95,$25.29,1,$25.29,$2.43,$27.72
11/26/15,11/28/15,Health and Beauty,$16.99,$17.57,1,$17.57,$0.00,$17.57
11/26/15,12/01/15,Health and Beauty,$17.39,$13.99,1,$13.99,$0.00,$13.99
11/26/15,12/01/15,Health and Beauty,$15.99,$14.99,1,$14.99,$1.44,$16.43
12/05/15,12/07/15,Wireless Phone Accessory,$29.99,$21.98,1,$21.98,$2.11,$24.09
12/05/15,12/07/15,,$13.99,$6.99,2,$13.98,$1.34,$15.32
12/09/15,12/09/15,Hardcover,$40.00,$27.19,1,$27.19,$2.18,$29.37
12/10/15,12/16/15,Paperback,$15.95,$14.11,1,$14.11,$0.00,$14.11
12/10/15,12/16/15,Paperback,$34.95,$34.95,1,$34.95,$0.00,$34.95
12/11/15,12/12/15,Paper Gift Certificate,$50.00,$50.00,1,$50.00,$0.00,$50.00
12/11/15,12/18/15,Paperback,$23.00,$22.10,1,$22.10,$1.77,$23.87
12/11/15,12/18/15,Toy,$25.99,$17.99,1,$17.99,$1.44,$19.43
12/15/15,12/16/15,Paperback,$16.00,$10.08,1,$10.08,$0.60,$10.68
01/01/16,01/03/16,Health and Beauty,$49.99,$59.99,1,$59.99,$0.00,$59.99
01/06/16,01/06/16,Apparel,$59.50,$16.00,1,$16.00,$1.54,$17.54
01/06/16,01/06/16,Apparel,$59.50,$19.21,1,$19.21,$1.84,$21.05
01/09/16,01/10/16,Kitchen,$21.99,$12.99,1,$12.99,$0.00,$12.99
01/09/16,01/10/16,Apparel,$58.00,$29.90,1,$29.90,$2.87,$32.77
01/15/16,01/20/16,,$16.29,$18.01,2,$36.02,$0.00,$36.02
01/17/16,01/19/16,Toy,$25.00,$25.00,1,$25.00,$0.00,$25.00
03/14/16,03/17/16,Health and Beauty,$15.99,$15.67,1,$15.67,$1.50,$17.17
03/14/16,03/17/16,Health and Beauty,$17.39,$16.99,1,$16.99,$0.00,$16.99
03/14/16,03/16/16,Health and Beauty,$12.84,$14.28,1,$14.28,$0.00,$14.28
03/30/16,03/31/16,Paperback,$39.95,$39.95,1,$39.95,$3.20,$43.15
03/30/16,04/04/16,Paperback,$39.95,$39.95,1,$39.95,$3.04,$42.99
04/27/16,04/28/16,Office Product,$0.00,$31.88,1,$31.88,$3.06,$34.94
04/27/16,05/04/16,Hardcover,$135.00,$59.53,1,$59.53,$5.71,$65.24
05/10/16,05/10/16,Paperback,$0.00,$44.15,1,$44.15,$0.00,$44.15
05/19/16,05/20/16,Toy,$36.45,$21.75,1,$21.75,$2.09,$23.84
05/19/16,05/26/16,Kitchen,$21.99,$14.99,2,$29.98,$2.88,$32.86
05/22/16,05/24/16,Kitchen,$0.00,$79.99,1,$79.99,$0.00,$79.99
05/23/16,05/25/16,,$0.00,$49.00,1,$49.00,$0.00,$49.00
05/25/16,05/26/16,,$16.29,$17.86,2,$35.72,$0.00,$35.72
05/26/16,05/27/16,Kitchen,$0.00,$29.99,1,$29.99,$0.00,$29.99
06/05/16,06/09/16,Home,$0.00,$60.10,1,$60.10,$5.77,$65.87
06/14/16,06/17/16,Kitchen,$0.00,$12.95,1,$12.95,$0.00,$12.95
06/14/16,06/17/16,Electronics,$0.00,$7.11,3,$21.33,$2.04,$23.37
06/14/16,06/17/16,Toy,$19.99,$16.50,1,$16.50,$1.58,$18.08
06/18/16,06/23/16,Misc.,$199.99,$135.99,1,$135.99,$13.06,$149.05
06/26/16,06/26/16,Kitchen,$0.00,$19.99,1,$19.99,$0.00,$19.99
06/28/16,07/05/16,Kitchen,$24.99,$24.95,1,$24.95,$2.40,$27.35
06/28/16,07/05/16,Kitchen,$0.00,$11.95,1,$11.95,$0.00,$11.95
06/28/16,07/05/16,Electronics,$0.00,$6.49,1,$6.49,$0.62,$7.11
06/28/16,06/29/16,Tools & Home Improvement,$7.99,$5.97,1,$5.97,$0.57,$6.54
06/28/16,07/05/16,Kitchen,$17.99,$17.95,1,$17.95,$1.72,$19.67
07/01/16,07/03/16,,$0.00,$22.97,1,$22.97,$0.00,$22.97
07/01/16,07/03/16,Kitchen,$0.00,$10.24,1,$10.24,$0.98,$11.22
07/01/16,07/05/16,Kitchen,$0.00,$37.99,1,$37.99,$0.00,$37.99
07/01/16,07/05/16,Kitchen,$9.99,$9.95,1,$9.95,$0.96,$10.91
07/08/16,07/08/16,Health and Beauty,$15.99,$13.99,2,$27.98,$0.00,$27.98
07/16/16,07/19/16,,$16.29,$18.24,2,$36.48,$0.00,$36.48
07/17/16,07/22/16,Shoes,$119.99,$76.15,1,$76.15,$7.31,$83.46
07/17/16,07/22/16,Wireless Phone Accessory,$0.00,$9.98,1,$9.98,$0.00,$9.98
07/21/16,07/21/16,Ecard Gift Certificate,$100.00,$400.00,1,$400.00,$0.00,$400.00
08/11/16,08/18/16,Paperback,$26.95,$18.32,1,$18.32,$1.76,$20.08
08/11/16,08/18/16,Sports,$0.00,$24.95,1,$24.95,$0.00,$24.95
08/11/16,08/18/16,Sports,$42.95,$29.20,1,$29.20,$0.00,$29.20
08/11/16,08/18/16,Misc.,$0.00,$11.99,1,$11.99,$0.00,$11.99
08/11/16,08/18/16,Sports,$0.00,$53.00,1,$53.00,$0.00,$53.00
08/11/16,08/18/16,Sports,$16.95,$16.95,1,$16.95,$1.63,$18.58
08/13/16,08/18/16,Sports,$0.00,$64.50,1,$64.50,$0.00,$64.50
08/22/16,08/25/16,,$0.00,$24.95,1,$24.95,$0.00,$24.95
08/22/16,08/25/16,Sports,$0.00,$5.44,1,$5.44,$0.52,$5.96
08/22/16,08/25/16,Sports,$44.99,$44.99,1,$44.99,$4.32,$49.31
08/22/16,08/23/16,Sports,$0.00,$4.85,1,$4.85,$0.00,$4.85
09/03/16,09/06/16,,$0.00,$5.59,1,$5.59,$0.00,$5.59
09/03/16,09/09/16,Misc.,$0.00,$34.98,1,$34.98,$3.36,$38.34
09/03/16,09/09/16,Automotive,$12.99,$11.04,1,$11.04,$1.06,$12.10
09/03/16,09/09/16,Tools & Home Improvement,$0.00,$10.05,1,$10.05,$0.77,$10.82
09/03/16,09/09/16,Kitchen,$6.99,$6.99,1,$6.99,$0.67,$7.66
09/08/16,09/10/16,Hardcover,$99.95,$60.45,1,$60.45,$0.00,$60.45
09/17/16,09/22/16,Misc.,$26.99,$26.99,1,$26.99,$2.59,$29.58
09/17/16,09/19/16,Apparel,$0.00,$24.99,1,$24.99,$2.40,$27.39
09/17/16,09/21/16,Sports,$9.95,$9.95,1,$9.95,$0.96,$10.91
09/21/16,09/21/16,Paper Gift Certificate,$50.00,$50.00,1,$50.00,$0.00,$50.00
09/22/16,09/22/16,Sports,$34.99,$19.99,1,$19.99,$0.00,$19.99
09/22/16,09/29/16,Kitchen,$19.98,$8.82,1,$8.82,$0.85,$9.67
09/22/16,09/28/16,Sports,$10.00,$9.95,1,$9.95,$0.96,$10.91
09/22/16,09/25/16,Tools & Home Improvement,$5.51,$5.51,1,$5.51,$0.53,$6.04
09/22/16,09/28/16,Sports,$24.99,$24.99,1,$24.99,$2.40,$27.39
10/01/16,10/03/16,,$16.29,$21.13,2,$42.26,$0.00,$42.26
10/03/16,10/06/16,Electronics,$6.49,$5.34,1,$5.34,$0.00,$5.34
10/03/16,10/05/16,Apparel,$58.00,$29.90,1,$29.90,$2.87,$32.77
10/03/16,10/05/16,Apparel,$58.00,$29.90,1,$29.90,$2.87,$32.77
10/15/16,10/23/16,Sports,$24.95,$24.26,1,$24.26,$0.00,$24.26
10/15/16,10/23/16,Personal Computers,$24.99,$12.00,1,$12.00,$0.00,$12.00
10/15/16,10/23/16,,$16.52,$15.26,1,$15.26,$0.00,$15.26
11/01/16,11/01/16,Sports,$29.98,$19.97,1,$19.97,$1.92,$21.89
11/01/16,11/03/16,Toy,$44.99,$30.42,1,$30.42,$2.92,$33.34
11/01/16,11/03/16,Toy,$49.99,$35.15,1,$35.15,$3.37,$38.52
11/03/16,11/08/16,Sports,$0.00,$12.99,1,$12.99,$0.00,$12.99
11/03/16,11/04/16,Health and Beauty,$19.99,$13.59,2,$27.18,$2.60,$29.78
11/10/16,11/13/16,Electronics,$46.24,$23.99,1,$23.99,$2.30,$26.29
11/13/16,11/18/16,Sports,$19.99,$13.55,1,$13.55,$0.00,$13.55
11/13/16,11/15/16,Grocery,$20.00,$20.00,1,$20.00,$1.92,$21.92
11/13/16,11/15/16,Kitchen,$6.99,$6.99,3,$20.97,$2.01,$22.98
12/02/16,12/03/16,Health and Beauty,$27.96,$20.50,1,$20.50,$0.00,$20.50
12/02/16,12/03/16,Electronics,$6.49,$6.20,1,$6.20,$0.00,$6.20
12/02/16,12/03/16,Sports,$55.00,$37.24,1,$37.24,$3.58,$40.82
12/12/16,12/13/16,Hardcover,$19.95,$14.40,1,$14.40,$0.86,$15.26
12/14/16,12/14/16,Paper Gift Certificate,$50.00,$50.00,1,$50.00,$0.00,$50.00
12/17/16,12/20/16,Apparel,$120.00,$72.00,1,$72.00,$6.91,$78.91
12/27/16,12/29/16,Paperback,$47.95,$30.99,1,$30.99,$2.98,$33.97
01/16/17,01/18/17,Hardcover,$24.00,$18.07,1,$18.07,$1.08,$19.15
01/17/17,01/19/17,Grocery,$16.07,$10.90,1,$10.90,$0.00,$10.90
01/17/17,01/19/17,Health and Beauty,$27.96,$22.00,1,$22.00,$0.00,$22.00
01/17/17,01/19/17,Grocery,$20.00,$20.00,1,$20.00,$1.54,$21.54
01/17/17,01/19/17,Grocery,$22.80,$13.80,1,$13.80,$0.00,$13.80
01/17/17,01/19/17,Sports,$10.00,$10.00,1,$10.00,$0.96,$10.96
01/23/17,01/26/17,Grocery,$0.00,$40.74,1,$40.74,$0.00,$40.74
01/23/17,01/26/17,Paperback,$15.99,$9.59,1,$9.59,$0.92,$10.51
02/05/17,02/09/17,Health and Beauty,$49.99,$59.98,2,$119.96,$0.00,$119.96
02/21/17,02/21/17,Health and Beauty,$19.99,$12.79,3,$38.37,$3.69,$42.06
02/23/17,02/24/17,Health and Beauty,$15.99,$14.99,2,$29.98,$2.88,$32.86
02/25/17,02/25/17,Health and Beauty,$0.00,$31.92,1,$31.92,$0.00,$31.92
02/28/17,03/01/17,Health and Beauty,$15.99,$0.00,2,$0.00,$0.00,$0.00
03/08/17,03/10/17,Paperback,$15.99,$8.79,1,$8.79,$0.84,$9.63
03/08/17,03/10/17,Hardcover,$29.99,$12.42,1,$12.42,$1.19,$13.61
03/08/17,03/10/17,Paperback,$17.00,$9.24,1,$9.24,$0.89,$10.13
03/10/17,03/15/17,,$0.00,$20.89,1,$20.89,$0.00,$20.89
03/10/17,03/15/17,Health and Beauty,$55.92,$37.05,1,$37.05,$0.00,$37.05
03/10/17,03/16/17,Grocery,$0.00,$44.59,1,$44.59,$0.00,$44.59
03/10/17,03/15/17,Grocery,$9.00,$5.99,1,$5.99,$0.00,$5.99
03/17/17,03/18/17,Misc.,$0.00,$11.59,1,$11.59,$0.00,$11.59
03/28/17,04/02/17,Health and Beauty,$0.00,$11.83,1,$11.83,$0.00,$11.83
03/28/17,04/02/17,Sports,$11.99,$11.99,1,$11.99,$1.15,$13.14
03/28/17,04/02/17,Sports,$6.99,$6.85,1,$6.85,$0.66,$7.51
03/28/17,04/02/17,Sports,$20.95,$13.65,1,$13.65,$1.31,$14.96
04/05/17,04/09/17,Kitchen,$19.99,$21.99,1,$21.99,$0.00,$21.99
04/19/17,04/25/17,Health and Beauty,$27.96,$22.00,1,$22.00,$2.22,$24.22
04/19/17,04/25/17,Wireless Phone Accessory,$29.99,$16.99,1,$16.99,$1.72,$18.71
04/26/17,04/28/17,Tools & Home Improvement,$49.99,$47.04,1,$47.04,$4.75,$51.79
04/26/17,04/28/17,Tools & Home Improvement,$12.99,$12.99,1,$12.99,$1.31,$14.30
05/01/17,05/03/17,Paperback,$24.99,$24.44,1,$24.44,$1.47,$25.91
05/03/17,05/05/17,Paperback,$9.99,$8.78,1,$8.78,$0.89,$9.67
05/03/17,05/05/17,Hardcover,$30.00,$17.98,1,$17.98,$1.82,$19.80
05/11/17,05/14/17,Grocery,$9.00,$5.36,1,$5.36,$0.00,$5.36
05/11/17,05/14/17,Grocery,$12.99,$10.79,1,$10.79,$0.00,$10.79
05/11/17,05/14/17,Grocery,$20.00,$20.00,1,$20.00,$2.02,$22.02
05/20/17,05/24/17,Sports,$21.99,$13.45,1,$13.45,$0.00,$13.45
05/20/17,05/24/17,Sports Apparel,$35.00,$16.02,1,$16.02,$1.62,$17.64
05/30/17,05/31/17,Electronics,$0.00,$20.87,1,$20.87,$0.00,$20.87
06/21/17,06/23/17,Apparel,$29.90,$29.90,2,$59.80,$6.04,$65.84
06/30/17,07/03/17,Health and Beauty,$55.92,$30.60,1,$30.60,$3.09,$33.69
07/03/17,07/04/17,Grocery,$12.99,$9.17,1,$9.17,$0.00,$9.17
07/03/17,07/05/17,Sports,$11.99,$12.00,1,$12.00,$1.21,$13.21
07/03/17,07/04/17,Sports,$6.99,$7.23,1,$7.23,$0.73,$7.96
07/26/17,07/27/17,Kitchen,$34.50,$25.87,1,$25.87,$0.00,$25.87
07/28/17,07/29/17,Paperback,$39.95,$9.99,1,$9.99,$0.00,$9.99
07/28/17,07/31/17,Toy,$19.99,$18.44,1,$18.44,$1.86,$20.30
07/28/17,07/31/17,Paperback,$64.99,$55.02,1,$55.02,$5.56,$60.58
08/01/17,08/07/17,Wireless Phone Accessory,$11.98,$11.98,1,$11.98,$1.21,$13.19
08/01/17,08/07/17,Grocery,$9.00,$5.12,1,$5.12,$0.00,$5.12
08/01/17,08/07/17,Paperback,$16.95,$11.96,1,$11.96,$1.21,$13.17
08/09/17,08/14/17,Paperback,$39.99,$28.17,1,$28.17,$2.85,$31.02
08/09/17,08/14/17,Paperback,$49.99,$30.54,1,$30.54,$3.08,$33.62
08/19/17,08/28/17,Tools & Home Improvement,$9.99,$5.99,1,$5.99,$0.00,$5.99
08/19/17,08/28/17,Paperback,$16.99,$15.92,1,$15.92,$1.61,$17.53
08/19/17,08/28/17,Paperback,$14.99,$12.51,1,$12.51,$1.26,$13.77
08/28/17,08/29/17,Hardcover,$27.99,$16.79,1,$16.79,$1.70,$18.49
08/28/17,09/05/17,Tools & Hardware,$15.99,$10.49,1,$10.49,$1.06,$11.55
09/02/17,09/05/17,Sports,$34.95,$12.95,1,$12.95,$0.00,$12.95
09/12/17,09/13/17,Paperback,$39.99,$22.60,1,$22.60,$0.00,$22.60
09/12/17,09/14/17,Health and Beauty,$15.99,$15.49,1,$15.49,$1.56,$17.05
09/24/17,09/28/17,Paperback,$18.95,$11.55,1,$11.55,$1.17,$12.72
09/24/17,09/28/17,Paperback,$9.95,$7.21,1,$7.21,$0.73,$7.94
09/24/17,,Paperback,$45.99,$31.78,0,$0.00,$0.00,$0.00
09/24/17,09/28/17,Paperback,$10.95,$10.93,1,$10.93,$1.10,$12.03
09/24/17,09/28/17,Paperback,$17.95,$15.17,1,$15.17,$1.53,$16.70
09/24/17,09/25/17,Paper Gift Certificate,$50.00,$50.00,1,$50.00,$0.00,$50.00
09/25/17,09/25/17,Paperback,$45.99,$20.00,1,$20.00,$0.00,$20.00
10/02/17,10/08/17,Kitchen,$0.00,$29.99,1,$29.99,$0.00,$29.99
10/11/17,10/17/17,Paperback,$100.00,$56.99,1,$56.99,$5.76,$62.75
10/13/17,10/14/17,Audio CD,$15.98,$11.99,1,$11.99,$0.91,$12.90
10/13/17,10/17/17,Kitchen,$16.95,$16.95,1,$16.95,$1.71,$18.66
10/13/17,10/17/17,Kitchen,$60.00,$39.95,1,$39.95,$4.03,$43.98
10/21/17,10/22/17,Kitchen,$65.00,$29.75,1,$29.75,$3.00,$32.75
10/24/17,10/27/17,Paperback,$19.95,$16.32,1,$16.32,$1.29,$17.61
10/30/17,11/01/17,Apparel,$21.00,$12.79,1,$12.79,$1.29,$14.08
10/30/17,11/02/17,Apparel,$0.00,$25.93,1,$25.93,$2.62,$28.55
11/03/17,11/10/17,Sports,$11.00,$10.35,1,$10.35,$1.05,$11.40
11/03/17,11/10/17,Office Product,$6.79,$4.52,1,$4.52,$0.46,$4.98
11/03/17,11/10/17,Paperback,$35.00,$29.72,1,$29.72,$3.00,$32.72
11/20/17,11/29/17,Health and Beauty,$65.99,$39.97,1,$39.97,$3.03,$43.00
11/20/17,11/29/17,,$49.99,$14.99,1,$14.99,$0.00,$14.99
11/28/17,12/01/17,Health and Beauty,$0.00,$10.79,1,$10.79,$0.00,$10.79
11/28/17,12/01/17,Health and Beauty,$14.99,$12.29,1,$12.29,$1.24,$13.53
11/28/17,12/01/17,Audio CD,$13.99,$11.99,1,$11.99,$1.21,$13.20
12/03/17,12/07/17,Paperback,$16.99,$11.55,1,$11.55,$1.17,$12.72
12/03/17,12/05/17,Kitchen,$12.99,$12.99,1,$12.99,$1.31,$14.30
12/03/17,12/06/17,,$0.00,$10.59,1,$10.59,$0.00,$10.59
12/04/17,12/05/17,Kitchen,$52.00,$29.97,1,$29.97,$3.03,$33.00
12/08/17,12/11/17,Kitchen,$29.99,$12.99,1,$12.99,$0.00,$12.99
12/08/17,12/11/17,Kitchen,$0.00,$13.87,2,$27.74,$0.00,$27.74
12/08/17,12/11/17,Kitchen,$0.00,$6.99,1,$6.99,$0.00,$6.99
12/12/17,12/13/17,Tools & Home Improvement,$22.00,$22.00,1,$22.00,$2.22,$24.22
12/12/17,12/12/17,,$23.99,$23.99,1,$23.99,$2.42,$26.41
12/14/17,12/15/17,Hardcover,$26.95,$18.32,1,$18.32,$1.10,$19.42
12/14/17,12/17/17,Paperback,$49.95,$41.14,1,$41.14,$0.00,$41.14
12/14/17,12/17/17,Hardcover,$35.00,$13.57,1,$13.57,$1.37,$14.94
12/22/17,12/22/17,Ecard Gift Certificate,$50.00,$50.00,1,$50.00,$0.00,$50.00
12/23/17,01/02/18,Health and Beauty,$15.99,$15.49,1,$15.49,$1.56,$17.05
12/23/17,01/02/18,Health and Beauty,$0.00,$19.95,1,$19.95,$0.00,$19.95
12/30/17,01/02/18,Health and Beauty,$69.99,$39.00,1,$39.00,$3.94,$42.94
01/01/18,01/02/18,Health and Beauty,$14.99,$14.99,1,$14.99,$1.51,$16.50
01/01/18,01/02/18,Paperback,$40.00,$18.63,1,$18.63,$1.88,$20.51
01/10/18,01/12/18,,$27.99,$24.99,1,$24.99,$2.52,$27.51
01/10/18,01/12/18,Misc.,$19.99,$7.99,1,$7.99,$0.81,$8.80
01/17/18,01/19/18,Hardcover,$27.00,$14.76,1,$14.76,$0.89,$15.65
01/22/18,01/25/18,Hardcover,$27.95,$20.49,1,$20.49,$2.07,$22.56
01/22/18,01/25/18,Paperback,$69.99,$49.99,1,$49.99,$5.05,$55.04
02/02/18,02/06/18,Apparel,$28.00,$14.90,2,$29.80,$3.00,$32.80
02/03/18,02/05/18,Grocery,$0.00,$24.38,1,$24.38,$0.00,$24.38
02/03/18,02/05/18,Grocery,$20.00,$20.00,1,$20.00,$2.09,$22.09
02/03/18,02/05/18,Grocery,$9.00,$5.89,1,$5.89,$0.00,$5.89
02/03/18,02/05/18,Health and Beauty,$55.92,$40.44,1,$40.44,$4.08,$44.52
02/04/18,02/05/18,Apparel,$0.00,$7.99,1,$7.99,$0.81,$8.80
02/12/18,02/13/18,Office Product,$0.00,$8.88,1,$8.88,$0.90,$9.78
02/15/18,02/16/18,Paperback,$29.95,$26.20,1,$26.20,$2.65,$28.85
02/15/18,02/16/18,Kitchen,$0.00,$9.68,1,$9.68,$0.98,$10.66
02/20/18,02/28/18,Kitchen,$7.00,$5.00,1,$5.00,$0.51,$5.51
02/20/18,02/28/18,Paperback,$19.95,$16.20,1,$16.20,$1.64,$17.84
02/20/18,02/28/18,Paperback,$16.99,$11.55,1,$11.55,$1.17,$12.72
02/26/18,02/28/18,,$0.00,$5.99,1,$5.99,$0.60,$6.59
02/26/18,02/28/18,Paperback,$16.95,$11.52,1,$11.52,$1.16,$12.68
02/26/18,02/28/18,Tools & Home Improvement,$20.19,$15.98,1,$15.98,$1.61,$17.59
02/27/18,02/27/18,Paper Gift Certificate,$25.00,$25.00,1,$25.00,$0.00,$25.00
03/01/18,03/06/18,Kitchen,$112.49,$61.99,1,$61.99,$6.26,$68.25
03/02/18,03/04/18,Paperback,$5.99,$4.92,1,$4.92,$0.50,$5.42
03/02/18,03/04/18,Paperback,$18.99,$12.92,1,$12.92,$1.30,$14.22
03/02/18,03/04/18,Paperback,$19.99,$14.08,1,$14.08,$1.42,$15.50
03/02/18,03/04/18,,$18.00,$10.29,1,$10.29,$1.04,$11.33
03/02/18,03/04/18,Misc.,$0.00,$10.49,1,$10.49,$1.06,$11.55
03/02/18,03/04/18,Sports,$7.99,$7.99,1,$7.99,$0.81,$8.80
03/06/18,03/11/18,Kitchen,$28.68,$9.97,1,$9.97,$1.01,$10.98
03/06/18,03/13/18,Office Product,$12.99,$8.99,1,$8.99,$0.91,$9.90
03/06/18,03/13/18,Kitchen,$0.00,$10.97,1,$10.97,$1.11,$12.08
03/16/18,03/19/18,Grocery,$0.00,$20.37,1,$20.37,$0.00,$20.37
03/19/18,03/22/18,Paperback,$18.95,$14.77,1,$14.77,$1.49,$16.26
03/19/18,03/22/18,Hardcover,$35.00,$21.00,1,$21.00,$2.12,$23.12
03/19/18,03/22/18,Paperback,$15.00,$10.77,1,$10.77,$1.09,$11.86
03/22/18,03/22/18,Ecard Gift Certificate,$50.00,$25.00,1,$25.00,$0.00,$25.00
03/22/18,03/22/18,Misc.,$43.00,$12.99,1,$12.99,$1.31,$14.30
03/22/18,03/22/18,Paperback,$24.95,$22.45,1,$22.45,$2.27,$24.72
03/23/18,03/23/18,Ecard Gift Certificate,$50.00,$25.00,1,$25.00,$0.00,$25.00
04/07/18,04/07/18,Personal Computers,$0.00,$69.99,1,$69.99,$7.07,$77.06
04/07/18,04/07/18,Personal Computers,$0.00,$25.32,1,$25.32,$2.56,$27.88
04/08/18,04/09/18,Paperback,$25.00,$16.69,1,$16.69,$1.69,$18.38
04/08/18,04/09/18,Paperback,$15.00,$11.60,1,$11.60,$1.17,$12.77
04/08/18,04/09/18,Personal Computers,$20.79,$7.99,1,$7.99,$0.81,$8.80
04/13/18,04/16/18,Sports,$11.99,$11.99,1,$11.99,$1.21,$13.20
04/13/18,04/16/18,Hardcover,$22.99,$18.37,1,$18.37,$1.86,$20.23
04/15/18,04/17/18,Apparel,$34.99,$18.05,1,$18.05,$1.82,$19.87
05/03/18,05/07/18,Paperback,$15.95,$14.36,1,$14.36,$1.45,$15.81
05/03/18,05/07/18,Paperback,$19.99,$14.32,1,$14.32,$1.45,$15.77
05/05/18,05/09/18,Health and Beauty,$11.25,$12.99,2,$25.98,$2.62,$28.60
05/07/18,05/11/18,Kitchen,$64.99,$61.99,1,$61.99,$6.26,$68.25
05/07/18,05/11/18,Health and Beauty,$65.99,$39.94,1,$39.94,$4.03,$43.97
05/13/18,05/17/18,Electronics,$5.82,$3.79,1,$3.79,$0.36,$4.15
05/13/18,05/17/18,Health and Beauty,$55.92,$31.63,1,$31.63,$3.19,$34.82
05/17/18,05/17/18,Hardcover,$79.99,$50.74,1,$50.74,$5.12,$55.86
05/23/18,05/23/18,Paperback,$24.95,$18.02,1,$18.02,$1.82,$19.84
05/24/18,05/27/18,Kitchen,$49.99,$47.99,1,$47.99,$2.88,$50.87
06/01/18,06/02/18,Paperback,$109.99,$41.15,1,$41.15,$4.16,$45.31
06/02/18,06/11/18,Grocery,$9.00,$5.89,1,$5.89,$0.00,$5.89
06/02/18,06/11/18,Tools & Home Improvement,$17.00,$15.71,1,$15.71,$1.59,$17.30
06/02/18,06/11/18,Grocery,$20.00,$20.00,1,$20.00,$2.09,$22.09
06/05/18,06/11/18,,$0.00,$27.99,1,$27.99,$2.83,$30.82
06/05/18,06/11/18,Kitchen,$0.00,$12.87,1,$12.87,$1.30,$14.17
06/05/18,06/06/18,,$0.00,$11.78,1,$11.78,$1.19,$12.97
06/05/18,06/11/18,Electronics,$22.99,$19.99,1,$19.99,$2.02,$22.01
06/09/18,06/11/18,Electronics,$14.99,$8.85,1,$8.85,$0.89,$9.74
06/09/18,06/10/18,Electronics,$0.00,$18.99,1,$18.99,$1.92,$20.91
06/09/18,06/11/18,Electronics,$13.99,$5.99,1,$5.99,$0.60,$6.59
06/13/18,06/15/18,Misc.,$0.00,$7.99,1,$7.99,$0.81,$8.80
06/13/18,06/15/18,Electronics,$0.00,$9.99,1,$9.99,$1.01,$11.00
06/13/18,06/15/18,Tools & Home Improvement,$19.99,$19.58,1,$19.58,$1.98,$21.56
06/18/18,06/18/18,Electronics,$13.99,$5.99,1,$5.99,$0.60,$6.59
06/18/18,06/18/18,Hardcover,$28.00,$20.80,1,$20.80,$2.10,$22.90
06/18/18,06/18/18,Tools & Home Improvement,$8.82,$4.77,1,$4.77,$0.48,$5.25
06/25/18,06/28/18,Paperback,$39.99,$39.99,1,$39.99,$4.04,$44.03
06/25/18,06/28/18,Kitchen,$0.00,$8.72,3,$26.16,$2.64,$28.80
06/25/18,06/28/18,Electronics,$1.15,$0.69,2,$1.38,$0.14,$1.52
06/25/18,06/28/18,Kitchen,$0.00,$7.28,1,$7.28,$0.74,$8.02
06/26/18,06/28/18,Health and Beauty,$15.99,$14.29,2,$28.58,$2.88,$31.46
07/21/18,07/23/18,Wireless Phone Accessory,$11.98,$11.98,1,$11.98,$1.21,$13.19
07/21/18,07/23/18,,$0.00,$10.99,1,$10.99,$1.11,$12.10
07/21/18,07/23/18,Sports,$16.00,$7.65,1,$7.65,$0.77,$8.42
07/31/18,08/01/18,Paperback,$19.99,$6.59,1,$6.59,$0.67,$7.26
07/31/18,08/05/18,Electronics,$4.49,$3.99,1,$3.99,$0.40,$4.39
07/31/18,08/01/18,Tools & Home Improvement,$21.99,$20.97,1,$20.97,$2.12,$23.09
08/17/18,08/18/18,Sports,$28.99,$16.29,2,$32.58,$2.60,$35.18
08/23/18,08/23/18,Ecard Gift Certificate,$50.00,$50.00,1,$50.00,$0.00,$50.00
08/27/18,08/31/18,Kitchen,$549.99,$360.35,1,$360.35,$36.40,$396.75
09/02/18,09/08/18,Kitchen,$549.99,$0.00,1,$0.00,$0.00,$0.00
09/08/18,09/13/18,Grocery,$36.00,$23.84,1,$23.84,$0.00,$23.84
09/08/18,09/13/18,Grocery,$9.00,$5.00,1,$5.00,$0.00,$5.00
09/08/18,09/13/18,Paperback,$34.99,$22.69,1,$22.69,$2.29,$24.98
09/24/18,09/24/18,Ecard Gift Certificate,$50.00,$50.00,1,$50.00,$0.00,$50.00
09/27/18,09/28/18,Misc.,$33.00,$22.77,1,$22.77,$2.30,$25.07
09/27/18,09/28/18,Paperback,$15.99,$14.39,1,$14.39,$1.45,$15.84
10/12/18,10/17/18,Hardcover,$50.00,$31.45,1,$31.45,$3.18,$34.63
10/12/18,10/17/18,Hardcover,$20.00,$15.65,1,$15.65,$1.58,$17.23
10/17/18,10/19/18,Apparel,$20.00,$19.22,1,$19.22,$1.94,$21.16
10/17/18,10/19/18,Electronics,$19.99,$7.99,2,$15.98,$1.62,$17.60
10/25/18,10/27/18,Electronics,$11.25,$5.95,1,$5.95,$0.60,$6.55
10/25/18,10/27/18,Electronics,$13.99,$5.99,1,$5.99,$0.60,$6.59
10/25/18,10/26/18,Apparel,$25.00,$25.00,1,$25.00,$2.53,$27.53
10/25/18,10/27/18,Electronics,$10.55,$7.58,1,$7.58,$0.77,$8.35
10/25/18,10/27/18,Electronics,$7.40,$4.29,1,$4.29,$0.43,$4.72
11/07/18,11/09/18,,$39.95,$12.99,1,$12.99,$1.31,$14.30
11/07/18,11/08/18,Health and Beauty,$29.99,$10.79,1,$10.79,$1.09,$11.88
12/01/18,12/06/18,Grocery,$20.00,$20.00,1,$20.00,$2.09,$22.09
12/01/18,12/06/18,Office Product,$7.69,$7.51,1,$7.51,$0.76,$8.27
12/01/18,12/06/18,Audio CD,$14.98,$9.24,1,$9.24,$0.93,$10.17
12/01/18,12/06/18,Kitchen,$0.00,$12.86,1,$12.86,$1.30,$14.16
12/10/18,12/11/18,Hardcover,$25.99,$11.84,1,$11.84,$0.95,$12.79
12/12/18,12/13/18,Hardcover,$24.99,$18.81,1,$18.81,$1.90,$20.71
12/19/18,12/20/18,Kitchen,$59.00,$49.95,1,$49.95,$5.04,$54.99
12/21/18,12/24/18,Ecard Gift Certificate,$50.00,$50.00,1,$50.00,$0.00,$50.00
12/22/18,12/22/18,Ecard Gift Certificate,$50.00,$25.00,1,$25.00,$0.00,$25.00
01/06/19,01/09/19,Health and Beauty,$20.97,$21.25,1,$21.25,$2.15,$23.40
01/09/19,01/14/19,Wireless Phone Accessory,$11.99,$11.99,1,$11.99,$1.21,$13.20
01/10/19,01/14/19,Electronics,$39.99,$29.99,1,$29.99,$3.03,$33.02
01/17/19,01/18/19,Video Game,$29.99,$26.99,1,$26.99,$1.62,$28.61
02/08/19,02/13/19,,$79.95,$14.99,1,$14.99,$1.51,$16.50
02/08/19,02/13/19,Electronics,$29.98,$13.99,1,$13.99,$1.41,$15.40
02/19/19,02/26/19,Paperback,$29.99,$25.75,1,$25.75,$2.60,$28.35
02/19/19,02/23/19,Toy,$39.99,$26.99,1,$26.99,$2.73,$29.72
02/28/19,02/28/19,Electronics,$99.99,$29.99,1,$29.99,$3.03,$33.02
02/28/19,02/28/19,Electronics,$14.99,$12.99,1,$12.99,$1.31,$14.30
03/01/19,03/03/19,Ecard Gift Certificate,$50.00,$25.00,1,$25.00,$0.00,$25.00
03/03/19,03/04/19,Wireless Phone Accessory,$11.49,$11.49,1,$11.49,$1.16,$12.65
03/03/19,03/04/19,Apparel,$22.99,$22.99,1,$22.99,$2.32,$25.31
03/03/19,03/04/19,,$0.00,$12.99,1,$12.99,$1.31,$14.30
03/03/19,03/03/19,Ecard Gift Certificate,$50.00,$50.00,1,$50.00,$0.00,$50.00
03/07/19,03/07/19,Hardcover,$27.00,$17.70,1,$17.70,$0.00,$17.70
03/12/19,03/14/19,Misc.,$0.00,$18.80,1,$18.80,$1.90,$20.70
03/12/19,03/14/19,Health and Beauty,$29.99,$17.99,1,$17.99,$1.82,$19.81
03/30/19,03/30/19,Electronics,$14.95,$14.95,1,$14.95,$1.51,$16.46
03/30/19,03/31/19,Hardcover,$42.00,$25.10,1,$25.10,$2.54,$27.64
03/30/19,03/30/19,,$4.99,$9.74,1,$9.74,$0.98,$10.72
04/02/19,04/02/19,Paper Gift Certificate,$0.00,$20.00,1,$20.00,$0.00,$20.00
04/22/19,04/26/19,Audio CD,$14.98,$12.79,1,$12.79,$1.29,$14.08
04/22/19,04/26/19,Paperback,$18.00,$12.22,1,$12.22,$1.23,$13.45
05/07/19,05/11/19,Kitchen,$17.95,$12.99,1,$12.99,$1.31,$14.30
05/07/19,05/11/19,Tools & Home Improvement,$14.99,$6.97,1,$6.97,$0.70,$7.67
05/07/19,05/11/19,Kitchen,$33.15,$17.29,1,$17.29,$1.75,$19.04
05/07/19,05/11/19,Health and Beauty,$4.86,$4.86,1,$4.86,$0.49,$5.35
05/07/19,05/11/19,Health and Beauty,$23.55,$16.98,1,$16.98,$1.71,$18.69
05/07/19,05/11/19,Health and Beauty,$9.99,$8.06,1,$8.06,$0.81,$8.87
05/18/19,05/24/19,Grocery,$20.00,$20.00,2,$40.00,$3.78,$43.78
06/05/19,06/06/19,Grocery,$20.00,$20.00,2,$40.00,$4.18,$44.18
06/07/19,06/07/19,Tools & Home Improvement,$0.00,$12.74,1,$12.74,$1.29,$14.03
06/07/19,06/08/19,Apparel,$0.00,$6.99,1,$6.99,$0.71,$7.70
06/07/19,06/07/19,Apparel,$0.00,$6.99,1,$6.99,$0.71,$7.70
06/10/19,06/13/19,Apparel,$0.00,$11.99,1,$11.99,$1.21,$13.20
06/10/19,06/13/19,Apparel,$0.00,$6.99,1,$6.99,$0.71,$7.70
06/10/19,06/13/19,Apparel,$0.00,$6.99,1,$6.99,$0.71,$7.70
06/12/19,06/14/19,Kitchen,$64.99,$59.99,1,$59.99,$6.06,$66.05
06/19/19,06/19/19,Video Game,$19.99,$13.44,1,$13.44,$1.36,$14.80
06/27/19,06/29/19,Paperback,$39.95,$32.35,1,$32.35,$3.27,$35.62
07/14/19,07/18/19,Hardcover,$28.00,$16.55,1,$16.55,$1.67,$18.22
07/14/19,07/18/19,Kitchen,$18.00,$18.00,1,$18.00,$1.82,$19.82
08/05/19,08/07/19,Hardcover,$49.95,$35.56,1,$35.56,$3.59,$39.15
08/05/19,08/07/19,Paperback,$27.95,$21.77,1,$21.77,$2.20,$23.97
08/20/19,08/20/19,Ecard Gift Certificate,$50.00,$50.00,1,$50.00,$0.00,$50.00
09/01/19,09/03/19,Office Product,$95.73,$37.00,1,$37.00,$3.74,$40.74
09/08/19,09/09/19,Office Product,$95.73,$39.68,2,$79.36,$8.02,$87.38
09/16/19,09/19/19,Kitchen,$0.00,$87.97,1,$87.97,$8.88,$96.85
09/22/19,09/23/19,Lawn & Patio,$17.47,$21.98,1,$21.98,$1.98,$23.96
09/22/19,10/01/19,Kitchen,$29.99,$82.99,1,$82.99,$8.30,$91.29
09/22/19,09/23/19,Tools & Home Improvement,$139.00,$129.00,1,$129.00,$11.61,$140.61
09/22/19,10/01/19,Kitchen,$17.95,$13.33,1,$13.33,$1.20,$14.53
09/22/19,09/28/19,Lawn & Patio,$12.99,$10.98,1,$10.98,$0.99,$11.97
09/22/19,10/01/19,,$0.00,$15.88,1,$15.88,$1.59,$17.47
09/22/19,10/01/19,Kitchen,$0.00,$27.46,1,$27.46,$2.66,$30.12
09/22/19,09/28/19,Kitchen,$90.00,$39.95,1,$39.95,$3.86,$43.81
09/22/19,09/28/19,Kitchen,$7.00,$6.99,1,$6.99,$0.68,$7.67
09/25/19,09/25/19,Ecard Gift Certificate,$50.00,$50.00,1,$50.00,$0.00,$50.00
10/03/19,10/08/19,Paperback,$15.99,$15.99,1,$15.99,$1.61,$17.60
10/22/19,10/23/19,,$119.98,$86.95,1,$86.95,$8.87,$95.82
10/24/19,10/26/19,Paperback,$19.95,$19.95,1,$19.95,$1.58,$21.53
